<?xml version="1.0" encoding="UTF-8"?>
<beans xmlns="http://www.springframework.org/schema/beans"
	xmlns:xsi="http://www.w3.org/2001/XMLSchema-instance" xmlns:mvc="http://www.springframework.org/schema/mvc"
	xmlns:context="http://www.springframework.org/schema/context"
	xsi:schemaLocation="
	http://www.springframework.org/schema/mvc http://www.springframework.org/schema/mvc/spring-mvc-3.0.xsd
	http://www.springframework.org/schema/beans http://www.springframework.org/schema/beans/spring-beans-3.0.xsd
	http://www.springframework.org/schema/context http://www.springframework.org/schema/context/spring-context-3.0.xsd">
  
  
   <bean id="singer" class="com.inautix.competition.SingerBean" >
   <property name="song" value="jingle bells....jingle bells..."/>
</bean>

<bean id="instrumentalist" class="com.inautix.competition.Instrumentalist">
   <property name="saxophone" ref="saxophonebean"/>
</bean>
<bean id="saxophonebean" class="com.inautix.competition.SaxophoneBean">
</bean>
</beans>