<?xml version="1.0" encoding="UTF-8"?>
<beans xmlns="http://www.springframework.org/schema/beans"
	xmlns:xsi="http://www.w3.org/2001/XMLSchema-instance" xmlns:mvc="http://www.springframework.org/schema/mvc"
	xmlns:context="http://www.springframework.org/schema/context"
	xsi:schemaLocation="
	http://www.springframework.org/schema/mvc http://www.springframework.org/schema/mvc/spring-mvc-3.0.xsd
	http://www.springframework.org/schema/beans http://www.springframework.org/schema/beans/spring-beans-3.0.xsd
	http://www.springframework.org/schema/context http://www.springframework.org/schema/context/spring-context-3.0.xsd">
   <bean id="organizer" class="com.inautix.spring.Organizer" >

   </bean>
   <bean id="restraunt" class="com.inautix.restraunt.Restraunt">
   <constructor-arg ref="grocery"/>
   <constructor-arg ref="vegetable"/>
   </bean>
  <bean id="grocery" class="com.inautix.restraunt.GroceryBean"></bean>
  <bean id="vegetable" class="com.inautix.restraunt.VegetableBean"></bean>

</beans>