<?xml version="1.0" encoding="UTF-8"?>
<beans  
    xmlns="http://www.springframework.org/schema/beans"  
    xmlns:xsi="http://www.w3.org/2001/XMLSchema-instance"  
    xmlns:p="http://www.springframework.org/schema/p"  
    xsi:schemaLocation="http://www.springframework.org/schema/beans   
http://www.springframework.org/schema/beans/spring-beans-3.0.xsd">  
  
<bean id="ds" class="org.springframework.jdbc.datasource.DriverManagerDataSource">  
<property name="driverClassName" value="org.apache.derby.jdbc.ClientDriver" />  
<property name="url" value="jdbc:derby://172.24.19.24:1527/sample;create=true" />  
<property name="username" value="kanimozhi" />  
<property name="password" value="kanimozhi" />  
</bean>  
  
<bean id="jdbcTemplate" class="org.springframework.jdbc.core.JdbcTemplate">  
<property name="dataSource" ref="ds"></property>  
</bean>  
  
<bean id="edao" class="com.inautix.jobboard.SeekerSpringDao">  
<property name="jdbcTemplate" ref="jdbcTemplate"></property>  
</bean>  
  
</beans>  